model,roc_auc,average_precision,precision_at_top_5pct,recall_at_top_5pct
graph_logistic,0.9999935083482642,0.9997738579828132,0.3707865168539326,1.0
graph_random_forest,0.99970138402015,0.9912239149739149,0.3815028901734104,1.0
tabular_logistic,0.9482225857547194,0.7313885753269933,0.43333333333333335,0.7878787878787878
